toxic,obscene,threats,time
0.0011803787,0.00013185275,1.3336176999999999e-07,1474010103.0
0.013478728,0.00063489133,8.055549e-06,1525144947.0
0.02402875,0.00036948921999999996,1.6966707e-05,1524287602.0
0.0022950198,0.00010417418,6.3968884e-07,1465216057.0
0.11257304,0.049939323,4.4122702e-05,1522083226.0
0.012708037,0.00037578307,2.9210522999999997e-05,1522179859.0
0.004572093,0.00012875162,5.539759e-07,1506228370.0
0.25360516,0.23948456,5.1586692000000003e-05,1516379079.0
0.0026098507999999998,0.00039941297,4.223669e-07,1465929856.0
0.00025509080000000003,3.238203e-05,1.5153859e-08,1476300849.0
0.0019325082000000002,0.00019900204,9.801513e-07,1514174437.0
0.0018175789000000001,0.00026946142000000003,2.2465395e-07,1520339459.0
0.023808565,0.0016507666000000001,4.0552903000000004e-05,1504974391.0
0.0011849642999999998,0.00011759311000000002,4.478159e-07,1520908364.0
0.028709758,0.0017132635,6.0840775e-05,1501209093.0
0.10835895,0.008665500999999999,3.130635e-05,1506130960.0
0.010509328,0.0009064777000000001,1.8139364e-05,1493908482.0
0.0044856113,0.00034125405,4.4416575000000003e-07,1516159134.0
0.21075,0.0838093,0.0013981569,1512553075.0
0.00046036096,7.912921e-05,5.8879667e-08,1521019234.0
0.059673063,0.03039702,6.297177e-06,1519898801.0
0.83654857,0.740776,0.0015690888,1524596599.0
0.0026508597999999996,0.00051126035,2.0184854999999997e-06,1525323048.0
0.0010182817,9.7276585e-05,8.632205e-08,1486385781.0
0.009604163,0.0014176725,7.0489824e-07,1515735509.0
0.008961275,0.0006000615,1.1906599e-06,1521811628.0
0.0064889182999999994,0.0005019983,3.4598904e-06,1513895812.0
0.0026018622,0.00016732822,4.848106400000001e-07,1466742987.0
0.0101841735,0.00069693726,1.546084e-05,1470968811.0
0.0012953231,0.00016420659,6.0176933e-07,1484186288.0
0.0019587146,0.00014250453000000003,3.3248466e-07,1469471030.0
0.0006612268,0.00012299974,1.6302906e-07,1474573683.0
0.020077178,0.0008355814,1.2472913000000001e-05,1501740631.0
0.006825225,0.00039029142,3.7003301e-06,1477700215.0
0.002366285,0.00021194737999999998,1.7741618e-07,1524252694.0
0.25624895,0.13261202,0.0004540354,1512103649.0
0.0038187634000000003,0.00031708076,2.1912622e-06,1486919789.0
0.0017992218,0.0002226387,8.320024000000001e-07,1504592077.0
0.005330213,0.0009302429400000001,3.5219809999999993e-07,1501284188.0
0.003343239,0.00031252136000000004,3.5621823999999996e-06,1512746360.0
0.0016453916,0.00016722933,4.8069114e-07,1473848938.0
0.0009566078,7.828747e-05,9.267083999999999e-08,1497719807.0
0.037057112999999996,0.0011025928,4.825899999999999e-05,1514051962.0
0.10707075,0.008753374,0.00010668136,1491796276.0
0.0023487423999999997,0.00028699334,7.074507e-07,1466261183.0
0.0012942035,0.00018471427999999999,6.196376600000001e-07,1481962751.0
0.002911997,0.00022597327,4.5945976000000004e-07,1468703725.0
0.029938367999999996,0.0019596638,1.646688e-05,1517362646.0
0.011990589,0.0005751627,3.2350335e-06,1499015177.0
0.017869296,0.00971103,5.870843000000001e-07,1487418568.0
0.0010249887,0.00013091903,2.4670703e-07,1499939677.0
0.00044920964999999995,9.621254e-05,1.3762703e-07,1465531189.0
0.10109198,0.009231211,7.335208e-05,1522266958.0
0.04976542,0.004517579,0.00011072303999999998,1497357549.0
0.00068095466,8.013881e-05,2.92971e-07,1517765897.0
0.06716936,0.0035461446000000004,0.00093289773,1513121167.0
0.0019988983,0.00018940526999999997,7.029446999999999e-07,1467124064.0
0.026237247999999998,0.002174358,3.1636515e-05,1502405960.0
0.004516093,0.00047315970000000004,1.4345996e-07,1512996231.0
0.0033232078,0.00020629674,1.333468e-06,1512032358.0
0.05375057,0.002553124,0.0003884968,1512836454.0
0.35843579999999997,0.26157096,9.099031999999999e-05,1481668114.0
0.0017477799,0.00010677906499999999,1.9658380999999998e-07,1468006805.0
0.0030588053999999996,0.00035104182,9.2057644e-07,1493872003.0
0.5083254,0.43723490000000004,0.00028486563999999997,1495765654.0
0.0023139976,0.0002056261,1.6451574999999998e-07,1508962721.0
0.00031640552000000005,5.2217844999999996e-05,4.4381937999999993e-08,1487246735.0
0.024173302999999997,0.0010628109,4.6026853e-06,1465289913.0
0.00023568822,4.9662176e-05,8.54716e-08,1472373516.0
0.0019991172,0.00016043855,2.427076e-07,1489149697.0
0.31221431,0.32097483,0.0005714551,1507379602.0
0.0009868273,0.00010102651,1.0099580500000001e-07,1499368998.0
0.008196705,0.00042448542,1.1057266e-05,1517699108.0
0.0057726769999999995,0.0002772953,4.395530000000001e-06,1474940842.0
0.0046581420000000005,0.00048518452000000003,3.0357717e-06,1525178544.0
0.07319903400000001,0.005310356,7.4283926e-05,1518643275.0
0.20361984,0.006331538,0.0014541979,1478386236.0
0.0014677361,0.00010214886,7.1304413e-07,1492890817.0
0.0018149398,0.0001327206,5.539711e-07,1472776256.0
0.0006558964,6.747748000000001e-05,4.1843026e-07,1466211137.0
0.011922035,0.00082323235,5.607166999999999e-06,1506677399.0
0.0036126408,0.0003940272,1.5227282999999997e-07,1493528932.0
0.0045442926,0.0003058877,6.182753e-07,1522788446.0
0.022826677000000004,0.0009149662,9.690328e-06,1481230053.0
0.0079384595,0.0008305497999999999,7.338193e-06,1479413263.0
0.0004639372,6.83237e-05,5.0862263e-07,1486163898.0
0.0022418066,0.00018656913,7.785319599999999e-07,1504475441.0
0.011454523999999999,0.00036637660000000006,2.7169651e-06,1467742296.0
0.09551976,0.05466648599999999,1.806117e-05,1480461455.0
0.0007610519500000001,7.603616999999999e-05,1.7969043e-07,1518115082.0
0.0032853258000000002,0.00032843517999999995,5.719885e-07,1468522485.0
0.009805376999999999,0.0014899465,1.1835671e-06,1472008880.0
0.0004284724,7.373324000000001e-05,3.1141840000000004e-07,1525795858.0
0.049782865,0.0024334788,1.2215905999999999e-05,1501616211.0
0.0069964896,0.00038946816,2.4102662000000002e-06,1515758063.0
0.19896968,0.10097251,3.860934e-05,1498303557.0
0.09015133,0.0061035759999999994,0.0034631519,1493344464.0
0.0046570613,0.0001603798,1.7178178e-06,1514492735.0
0.0011613695,8.4161526e-05,1.623388e-07,1478787105.0
0.0039894083,0.0004394094,1.6339716e-06,1507948576.0
0.05309094,0.0039371573,5.6778793999999996e-05,1502299128.0
0.00948127,0.0002565386,9.2479295e-06,1473637164.0
0.00083012774,0.00012091234399999999,1.8563728999999999e-06,1514700200.0
0.0027243204,0.0002575014,1.7202096e-06,1525486900.0
0.031140362999999997,0.0013891157999999999,4.9495375000000006e-05,1526160274.0
0.00038640105000000005,6.338411e-05,6.466259e-08,1520107338.0
0.09991244,0.009040724,0.00014603806,1466277421.0
0.0027066422999999997,0.00017005035,4.4776854e-07,1524949810.0
0.018347636,0.0014064701000000002,2.0524337e-06,1493722800.0
0.004888033,0.0005516969,7.5136445000000004e-06,1520451933.0
0.0007218207000000001,0.00014827272,1.9075846e-07,1494427605.0
0.15565006,0.010433028,0.00010458585,1468508440.0
0.0007251203999999999,7.968084e-05,1.6219967e-07,1470232720.0
0.01664365,0.0009278556,4.230944e-06,1507135847.0
0.025085,0.0012327882000000001,3.2194297e-05,1524416924.0
0.099952884,0.0024952095,0.00025807924,1525998103.0
0.029853826,0.0009539978999999999,4.7659755e-06,1523459087.0
0.0009836996,0.00010622831,3.5693946999999995e-07,1487250271.0
0.006112984,0.00035353785000000003,9.073117e-06,1476666956.0
0.06194935,0.0015271622,4.3400790000000006e-05,1510077656.0
0.17456755,0.07218630599999999,2.9807037e-05,1496279081.0
0.110006325,0.010805577,5.7676618e-05,1522929747.0
0.42750186,0.34270072,0.00040447555,1522014605.0
0.016646663,0.00022333692000000001,6.867979e-06,1508100907.0
0.0018780206,0.00017904946,6.2090174e-07,1466695461.0
0.0019121388000000001,0.00026414465,3.4222176000000003e-06,1521065579.0
0.008736704,0.00045474747000000005,5.959094e-07,1483881774.0
0.0065115336,0.00048248647000000003,2.7584933e-06,1512444137.0
0.0010186674000000001,0.00016399691000000002,2.3548495000000002e-07,1496063869.0
0.0045969523,0.00025529834,6.296309e-07,1473198995.0
0.13598202,0.14444634,2.6067646e-05,1516256154.0
0.061513077,0.0029448224,2.6273000000000002e-06,1524243611.0
0.0026063134,0.00024971037,2.7531632e-07,1514743521.0
0.00039265575,7.4196e-05,7.696850399999999e-08,1485196874.0
0.0056860684,0.00030734372999999997,6.1345565e-07,1495211712.0
0.011606636000000002,0.00058543053,3.0288312999999997e-06,1513345559.0
0.0013527869,0.00016126892,1.9892022000000001e-07,1496454885.0
0.0027123776,0.00028200774,1.9124423000000002e-06,1498574470.0
0.0029812409000000003,0.00019910908,2.4237892000000003e-07,1466500905.0
0.00095146586,9.481141e-05,1.2559617e-07,1492846566.0
0.023149922000000003,0.00075608614,2.5786053999999998e-05,1519806186.0
0.014998248,0.0006884955000000001,1.2067534e-05,1527757872.0
0.0037177152,0.00035327437000000003,1.9351070000000003e-06,1489022025.0
0.008176807,0.0005108718,4.087528e-06,1519109379.0
0.0030924984999999997,0.0003222641,1.7605178999999998e-06,1495126887.0
0.59232837,0.5174044,0.0024128386,1506877774.0
0.47517726,0.591871,0.00039699016,1506996546.0
0.011545632,0.00057886227,3.9284982e-06,1512088719.0
0.01842508,0.0011937233,5.9587637000000005e-06,1519771161.0
0.8580459,0.7015798000000001,0.3021388,1521926880.0
0.0036928689,0.00024162389,1.4988835e-06,1514582192.0
0.00018104776999999998,2.5160576000000002e-05,1.1295034999999999e-08,1522025473.0
0.007951279,0.0006748298,1.0817952e-05,1512255206.0
0.0006775650999999999,0.00010750518,2.6520482000000003e-07,1481925274.0
0.0021028996,0.00016075828000000001,1.5420568e-06,1487191829.0
0.00063242164,6.125626500000001e-05,1.3122671e-07,1471711332.0
0.24787132,0.2519746,5.3114319999999995e-05,1476370577.0
0.009801021,0.00091855414,9.214529e-06,1501067266.0
0.0021171132,0.0003123361,3.0147826000000003e-06,1488467290.0
0.4466122,0.3960378,0.0004572148,1466537045.0
0.04724599,0.0023049433,0.0002902959,1469740688.0
0.00873314,0.0009446294,2.0453213e-06,1501129239.0
0.0031536778000000004,0.00030808712000000003,1.0140411e-06,1525694981.0
0.009013551,0.0005302151,7.2384114e-06,1487424461.0
0.0002677594,3.9823524e-05,8.693092e-08,1513064598.0
0.0033873694,0.00016173616,3.2042993000000003e-07,1527739370.0
0.0025226802,0.0003051269,1.900865e-06,1511199706.0
0.00854566,0.00026743512999999997,6.8571023e-07,1489967487.0
0.0011707603,0.00017114624,2.1873421e-07,1511840892.0
0.045433942000000005,0.007522163399999999,3.5323824000000004e-06,1491516593.0
0.0009889986999999999,9.244210999999999e-05,6.912847999999999e-08,1496027891.0
0.015167743999999999,0.0006592315600000001,1.0417802999999999e-05,1520436541.0
0.0003478588,4.608729e-05,3.941851e-08,1521868654.0
0.009017987,0.0005581003,3.7500765e-06,1473427489.0
0.9342947,0.78377455,0.0037151217,1491608272.0
0.0006781736999999999,0.000100236575,1.2035278e-07,1489159997.0
0.13992694,0.15047435,1.21450375e-05,1474154962.0
0.0004260673,3.8848702e-05,2.6715895e-07,1520404173.0
0.00058787235,5.1201125e-05,4.9336855000000004e-08,1527199919.0
0.013609546,0.0013490532,2.2651516e-06,1523123854.0
0.0029091751,0.00036518906999999997,4.1178037e-06,1466689365.0
0.005207332,0.00027891959999999996,2.0878326000000002e-06,1496930285.0
0.02761154,0.0020649994000000002,1.9209974e-05,1514438827.0
0.32100064,0.18610156,0.0037093177,1490731956.0
0.00022032678,3.150158e-05,2.7823027000000002e-08,1491980462.0
0.0059247836,0.00026442588,2.5805239e-06,1498270138.0
0.0043492713,0.00025077641,1.0782651000000002e-06,1498371993.0
0.0022820507,0.00018712392,7.142856e-07,1480887973.0
0.022379031,0.0013907332999999998,2.6716227e-06,1513898423.0
0.00634805,0.0006599985,9.601421e-06,1496349961.0
0.004470684,0.00039639772000000004,1.1181802e-06,1527298852.0
0.0007533197599999999,0.00011542388,1.4439082000000002e-07,1484173533.0
0.042526445999999996,0.00173584,0.00016556877,1495200649.0
0.0873284,0.00905892,0.0003701178,1469912901.0
0.0010431485,0.00011682361999999999,1.7363207e-07,1489098934.0
0.04478484,0.00412993,3.7571220000000005e-05,1498199594.0
0.021058964,0.0022718345,8.561353999999999e-05,1498932278.0
0.30062348,0.33769299999999997,0.0001717683,1502691958.0
0.05090752,0.0041977447,7.026552e-05,1467162758.0
0.015292698,0.00088232005,1.6782626e-05,1480694604.0
0.0009966271,0.00010331608,4.0520396000000007e-07,1516141695.0
0.0021913877999999998,0.00023753357999999996,1.8932211e-06,1469739174.0
0.005148828,0.00031395062000000003,4.6661867e-06,1496459250.0
0.019005803,0.0009784553,2.406061e-06,1518432658.0
0.0005743544,4.7217843999999994e-05,1.605826e-08,1512119188.0
0.19056034,0.010655286000000002,0.0026945304,1509161507.0
0.0030508705,0.00020538723999999998,5.924285300000001e-07,1488983309.0
0.0035359955,0.00031223486,2.5986457999999997e-06,1517082241.0
0.0018277873,0.00015123403999999998,7.4674097e-07,1499279147.0
0.13073595,0.012871852,0.00015510921,1474545838.0
0.25177974,0.017910583,0.0009146485000000001,1471042435.0
0.00794024,0.0007842844,3.0967283000000004e-05,1525544295.0
0.0001798619,3.7694240000000005e-05,3.5530576e-08,1469150900.0
0.034101345,0.0041051935,1.9865018e-05,1524664039.0
0.007870687,0.000654784,3.6289462000000004e-06,1520429623.0
0.0025876286,0.00023049154999999998,1.4103811999999999e-06,1523248926.0
0.040147018,0.0017212007999999998,7.281233e-06,1468259578.0
0.015632748999999998,0.00067065976,1.0819159e-05,1494019768.0
0.0014190239999999998,0.0002192927,1.2209746e-06,1526513094.0
0.026056502000000002,0.0020216443,0.00012257063999999998,1480461703.0
0.0018104782,0.00020159112,3.073245e-07,1465070799.0
0.061288885999999994,0.0054099853000000005,0.00014157029,1518296479.0
0.001713049,0.00022545074,1.3437942e-07,1478283404.0
0.11696098,0.027371824,9.812626e-05,1505460837.0
0.00039886317000000003,5.9734954e-05,2.449359e-07,1486325917.0
0.0035671584999999997,0.00027685228,7.0058564e-07,1493724680.0
0.24314535,0.08526808,0.00021818380000000002,1518811274.0
0.005298154,0.0008137732499999999,2.1438651e-05,1502909549.0
0.0023251527,0.00020313740000000002,2.940899e-07,1510953573.0
0.021550326,0.0011002435,6.354333000000001e-05,1509515591.0
0.009402515,0.00061999465,2.5879913e-06,1520235077.0
0.002744184,0.00028137284,1.5741605000000002e-06,1485676523.0
0.005820553000000001,0.00049979106,2.4249089e-06,1495548442.0
0.06568821,0.008508133000000001,2.4937963e-05,1523115793.0
0.03125177,0.0065781074,1.5633213e-05,1522341636.0
0.057041022999999996,0.008273957,0.00011470553,1494035299.0
0.15784520000000002,0.008618114,0.0005546324,1513953677.0
0.28411959999999997,0.03130713,0.00025973113999999995,1521488171.0
0.001647947,0.00038838218,1.9039096000000001e-07,1467107905.0
0.0030754618,0.0002987082,7.652209999999999e-07,1522578870.0
0.35965353,0.24665047,0.0001361882,1490196336.0
0.0019797243,0.00016005151000000003,1.4069045e-06,1523636346.0
0.07517977,0.0034881183000000002,8.387334000000001e-05,1522536487.0
0.0056224330000000005,0.0006080948,3.500337e-06,1497059665.0
0.005269178,0.00033173910000000004,3.4172504e-06,1518779664.0
0.00906622,0.0005964777,3.63075e-06,1519549544.0
0.09679953,0.101368465,1.7487577000000002e-05,1469427577.0
0.004679266,0.00017625926999999999,1.107978e-06,1512152759.0
0.006753739,0.0005896944999999999,2.6182631000000004e-06,1492251287.0
0.023145309,0.0011961375,0.000805159,1491348999.0
0.008177678,0.0010586567,3.930158e-06,1483048697.0
0.030710532999999998,0.0014739051999999998,2.2664915e-05,1470848370.0
0.017689424,0.0008638379,3.064901e-05,1519075932.0
0.0012596564,0.00016357728,2.9275565999999996e-07,1486764407.0
0.0045859446,0.00034714403,9.0563117e-07,1501731413.0
0.3137284,0.04536414,4.85933e-05,1494662664.0
0.0016162827,0.00020129052,1.0641069e-07,1472836447.0
0.019106098000000002,0.0026644354,7.913194e-06,1481726307.0
0.04556099,0.0035747273,1.5067882e-05,1512081882.0
0.79787165,0.6429906999999999,0.00033903794,1493833767.0
0.018215943000000002,0.0012179473,7.774311e-06,1506562740.0
0.062605985,0.012311967,0.00016734385,1518234434.0
0.0022909183,0.00025146786,9.298774000000001e-07,1494732005.0
0.0013770142999999999,0.00014965578,3.8470776e-07,1515636094.0
0.3372429,0.04693992,0.0782813,1494782932.0
0.048729725,0.0032701574,0.00039168222999999997,1478462966.0
0.0038629712,0.0003153918,2.4797964e-07,1478412552.0
0.46835253,0.012300792,0.0003673067,1482963426.0
0.026158176,0.00096704904,4.9918912e-05,1484128857.0
0.0013151397,0.00016323777,9.128266999999999e-08,1525097229.0
0.005469790699999999,0.00033501684,2.3347159e-06,1524606940.0
0.017823286,0.0006567792999999999,5.4024065e-05,1523695972.0
0.0034063609999999997,0.00027991857000000004,3.8445285e-07,1469559179.0
0.0029494406,0.00023414764999999998,1.3856446e-06,1494295243.0
0.047786206,0.003899865,0.00037115023999999996,1524465509.0
0.0010582771,9.654634e-05,3.156424e-07,1506513563.0
0.76562446,0.63575387,0.0017878456,1514875310.0
0.010413851,0.0005314519,2.3395312e-05,1494349997.0
0.018914359,0.0028252136,2.0666934e-05,1492651823.0
0.057899445,0.0039957515,0.000111317575,1486584575.0
0.013871923000000001,0.0006932112,3.8472275999999995e-06,1524077833.0
0.0012852724,9.725062e-05,2.0998385e-07,1479478193.0
0.78240484,0.55480474,0.00044026133000000004,1500440981.0
0.0016887842,0.00027751666,1.5139190999999999e-06,1506874361.0
0.04150337,0.02517457,1.4552735e-06,1477358204.0
0.014791341000000001,0.00092559564,6.4456485e-06,1468468820.0
0.008110868,0.00049304025,7.0221636e-06,1501626320.0
0.0035024432,0.00018716316999999998,5.901414e-07,1503348744.0
0.05108693,0.002128183,0.00037045882,1515097940.0
0.048153587000000005,0.0040671313,1.5377056e-05,1516816977.0
0.017026766999999998,0.0011382186,4.2703630000000004e-05,1473064026.0
0.0153473085,0.0006628777499999999,1.558329e-06,1465411249.0
0.0040546595,0.00022002762000000002,1.5335054e-06,1522127760.0
0.0006396656,6.156770499999999e-05,6.425784999999999e-08,1464812550.0
0.007360103000000001,0.00045741905,5.919129e-06,1486499074.0
0.31064183,0.31266388,9.415101500000001e-05,1488738761.0
0.0012501136,0.00015849379,1.4879398000000001e-06,1483648746.0
0.0038087184,0.0003395759,1.0523031e-06,1503329135.0
0.011947113999999998,0.0008421077000000001,3.7640718e-06,1482023112.0
0.2763682,0.20620905,1.8145283e-05,1491714557.0
0.0020574313,0.0005107416,1.7381962999999999e-07,1482895865.0
0.00049821165,6.113418e-05,1.2490838e-07,1466348510.0
0.013024247,0.0009557966000000001,1.512596e-05,1476143117.0
0.0012662677,0.00010414468,3.286506e-07,1509891165.0
0.041929126000000004,0.040035848,1.7676476e-06,1477078317.0
0.023406154,0.0017353699,6.7939499999999996e-06,1527790202.0
0.0031692434999999997,0.00020639058000000002,1.2679548999999998e-06,1473778407.0
0.13046181,0.17590920000000002,6.566067e-06,1519873283.0
0.019800613,0.0012951066999999999,2.3616943999999998e-05,1505929789.0
0.004581043,0.00051853026,1.6056e-06,1489616101.0
0.018867115,0.002051867,0.0007503558,1522719312.0
0.0034159836,0.0003005734,8.174225e-07,1521854265.0
0.048067197,0.004864799,8.4799154e-05,1504521896.0
0.09244327,0.07695039999999999,3.492683e-05,1480186994.0
0.0014939621,9.263969000000001e-05,1.0975250599999998e-07,1506887723.0
0.05944652,0.0045154495,1.803231e-05,1502365162.0
0.0022481189,0.00020175724,1.0462132e-06,1526185942.0
0.0031243984,0.00039846258,1.3765409e-06,1481468383.0
0.00032983089999999996,5.810435e-05,1.956285e-07,1515073898.0
0.033482257,0.0012332804,5.7858957e-05,1513137707.0
0.0014410533,0.00018753061999999998,2.288787e-07,1489582626.0
0.027965045,0.0018728123,3.070764e-05,1518824500.0
0.30874240000000003,0.34583348,0.00014831204,1510423895.0
0.0001794525,3.9907354e-05,4.5198288e-08,1504141665.0
0.061423395,0.04022349,2.0083758e-06,1497477961.0
0.0012569753,0.00013239184,8.172527499999999e-08,1480475540.0
0.037231777,0.0030864803000000005,7.4857303e-06,1479867702.0
0.0054105604,0.00054493995,7.560531e-06,1477580974.0
0.0062233238,0.0004344445,6.806102599999999e-06,1521911959.0
0.006404896,0.00014342401000000003,1.8087826999999999e-06,1495561847.0
0.011212405,0.00046672038,5.062092400000001e-06,1518686236.0
0.029566325,0.0023579820000000002,0.00010426104,1522493155.0
0.0067093777000000005,0.0005176197,9.498997e-06,1479220973.0
0.00044146120000000005,9.355531999999999e-05,1.9850634e-07,1491762163.0
0.0007083721000000001,7.6832475e-05,9.759226e-08,1493929465.0
0.12338424,0.003244412,0.0006957450999999999,1490996522.0
0.0018189888,8.389718000000001e-05,2.0589589e-07,1466347673.0
0.029161042,0.0008802685000000001,5.8533464000000006e-05,1519324167.0
0.0018596179000000001,0.00012114848,4.643064e-07,1480343064.0
0.22488876,0.01844829,0.00079705496,1492507878.0
0.26680553,0.0058097905,6.9251415e-05,1479192267.0
0.6623576999999999,0.067298666,0.00047127387,1521937711.0
0.0022648057999999998,0.0002657378,8.0121015e-07,1522491801.0
0.013425878999999998,0.0015618065,3.0685378e-06,1524231310.0
0.0004888390499999999,4.8452905e-05,2.4276686999999997e-07,1490844616.0
0.03868772,0.0010821703,0.00018135548,1480941602.0
0.0012063167999999999,8.947161e-05,2.420763e-07,1518040593.0
0.0017061497,0.0001714041,3.9249448e-07,1509144179.0
0.0011580962,0.00010920502000000001,3.034331e-07,1465096368.0
0.0034556753999999998,0.00018045215,4.1392115999999996e-07,1515483091.0
0.0032661046999999995,0.00025097662,2.0333312e-06,1512084685.0
0.57895446,0.41783032,0.0002329894,1523856495.0
0.0041788829999999996,0.00031017757,6.046019e-07,1477680609.0
0.00037561508,7.82409e-05,9.541613400000001e-08,1482087305.0
0.5035270000000001,0.5384804,0.0005738974400000001,1466646228.0
0.24713741,0.10504539,0.025955947000000004,1495242240.0
0.029514974,0.0029896790000000003,1.7730329999999997e-05,1495676807.0
0.005254251,0.00042178069,1.9575573e-06,1503464840.0
0.003702337,0.00035952337,1.6290891000000003e-06,1511387012.0
0.00034362203,5.626325e-05,1.0058767999999999e-07,1467119927.0
0.0012991447,0.00010546325000000001,9.6300504e-08,1487981208.0
0.08190471,0.011077591000000001,8.051161e-05,1521622661.0
0.05037321,0.0027041129999999997,3.1743166e-05,1516060166.0
0.6935873,0.55512327,0.0010577943,1508002113.0
0.051426698,0.0025973570000000002,0.00034424502999999996,1511197648.0
0.00020883746999999999,4.6770730000000005e-05,3.86146e-08,1478547877.0
0.008607662,0.00041655387,2.104924e-06,1516914771.0
0.0017876310999999998,0.000117772324,3.6734005e-07,1501195055.0
0.07662584,0.037293207,1.5047046000000001e-05,1518915604.0
0.0015555782,0.00032606127,4.123574e-07,1482881463.0
0.020805723999999998,0.0012434953,6.415293e-06,1525674331.0
0.032219183,0.0023199972,2.8577208e-05,1526237942.0
0.0028446377000000004,0.00030535244,1.7246513000000001e-06,1521176338.0
0.007108961,0.00037494322,3.2870842000000005e-06,1519817654.0
0.0038290408,0.00024068715,4.944274e-07,1465536265.0
0.0043493740000000005,0.00045548714000000006,1.6603535e-06,1476151313.0
0.0059555704000000004,0.00042054574999999996,2.450757e-06,1518382327.0
0.009483577,0.00058881444,4.6508376e-06,1478483289.0
0.0015206432,0.00017286783,6.933704499999999e-07,1513013851.0
0.0025395174,0.00015678475,7.5776364e-07,1505689657.0
0.0017100557,0.00014754033999999998,1.8694295999999997e-07,1467162989.0
0.0026741542,0.00022387652000000003,1.5166834e-06,1525409404.0
0.0065152454,0.0005017194,2.777489e-06,1526648601.0
0.005795950500000001,0.00036872248,9.653614e-07,1525376152.0
0.0010498039999999999,0.0001045366,1.9195463000000002e-06,1518132041.0
0.0018445671,0.00021268648999999998,1.1846666599999999e-07,1483119424.0
0.0002504101,4.787949000000001e-05,3.8887332e-08,1521848966.0
0.07093069,0.0042220065,0.00017310783999999999,1498470697.0
0.0032853882000000003,0.00021192069999999999,9.866185e-07,1504468971.0
0.009150252,0.0012462254,3.0286983e-05,1505300452.0
0.0025078645,0.00019903848000000002,6.962031e-07,1522220131.0
0.007261042,0.00080854265,6.161843e-06,1521939138.0
0.012669768,0.0016361581,7.344335e-05,1521566832.0
0.16601737,0.007625874,2.6874151e-05,1476289954.0
0.0043202615,0.00032512014,3.7053410000000004e-06,1511004242.0
0.0014325713,0.00012521041000000002,4.2489800000000005e-07,1495880433.0
0.0056388945999999995,0.00035122726999999997,5.871844999999999e-06,1483647059.0
0.031556726,0.0016428360000000002,5.3216987e-05,1523334388.0
0.009087613000000001,0.0010357744,8.445506e-06,1500681464.0
0.0035365179999999998,0.0003521805,1.121431e-06,1511774761.0
0.011441831000000001,0.00040281305,1.6256126000000001e-06,1520198714.0
0.00024917978,4.2259503999999995e-05,6.8081285e-08,1468983554.0
0.0022962168,0.00016060108999999998,5.937498e-07,1505511108.0
0.00397427,0.000329455,1.5297252e-06,1521570015.0
0.0013082344,0.0001424544,1.0727448000000002e-06,1526412469.0
0.049637597,0.017669342,1.2159720999999999e-05,1475693539.0
0.000602626,9.718795e-05,2.1401578e-07,1521340553.0
0.0006765733,0.000106112595,1.5289244e-07,1487536058.0
0.46435730000000003,0.044389118,0.025447771,1487630434.0
0.0015466978,0.00011666609500000001,1.4722492e-07,1495563808.0
0.007829097,0.00053610007,2.629092e-06,1489957447.0
0.00023571292999999998,5.966106e-05,5.2413525999999997e-08,1492638444.0
0.00335153,0.0002821852,1.2992681999999998e-06,1496876538.0
0.015589325,0.0006273928400000001,1.3956902e-05,1519590582.0
0.009681095,0.00055765413,5.6206426999999995e-06,1510784814.0
0.25038382,0.07051931,1.6506596e-05,1506552017.0
0.005386749000000001,0.00033788616000000004,6.265691400000001e-06,1520745429.0
0.0013421145,0.00013774299999999999,5.712749e-07,1490629191.0
0.2643273,0.019911772,9.336131e-05,1508468995.0
0.00038726802000000005,5.5129636e-05,1.9934348e-08,1496185785.0
0.19864091,0.036479272,0.0054448084,1483431677.0
0.006555895999999999,0.0005154531,2.588722e-06,1525230695.0
0.11698196,0.009449336,0.000616936,1479264494.0
0.005799988000000001,0.0003278261,2.8825452e-06,1478903575.0
0.010575661,0.0006854423599999999,9.525857e-06,1515553959.0
0.04075568,0.0026409909999999997,4.9412465e-05,1477290033.0
0.0032945855,0.00026069375,1.1329416000000001e-06,1469558466.0
0.0009020495,0.00019065858,2.0084494e-07,1520172443.0
0.019565908,0.00062955124,5.391775e-06,1481077792.0
0.033002242,0.00147643,8.0467405e-05,1481892201.0
0.0065083293999999995,0.0003617114,4.7143692e-07,1517782981.0
0.0014061072,0.00018309978,4.919586e-07,1525434601.0
0.007768250500000001,0.00040297818,4.510383e-06,1522082359.0
0.0035490590000000002,0.00021588848999999998,6.725435999999999e-07,1493767982.0
0.015565296999999999,0.0023246063,3.7735604e-06,1476113111.0
0.5441405,0.4671924,0.010148483,1492132224.0
0.37845132,0.30019709999999994,0.00042484573,1484284514.0
0.0042139086999999995,0.000255247,2.8352534000000003e-07,1508699077.0
0.0020531486,0.00010877258,5.116682000000001e-07,1515017574.0
0.011387828000000001,0.0005126298599999999,6.419956e-06,1515981911.0
0.0030757134999999996,0.0002445954,1.5693355e-06,1491697601.0
0.00053949555,3.9465500000000004e-05,5.552384500000001e-08,1469594540.0
0.0129059525,0.00032752776000000004,8.467555e-06,1490412792.0
0.0037023703999999997,0.00020097599,2.4187167999999998e-06,1525827260.0
0.0020432908,0.00012960982,7.205306400000001e-07,1467225310.0
0.00017705669,3.0342024e-05,3.0714045e-08,1500300605.0
0.0012785918,0.00013300781,5.9178535e-07,1499640165.0
0.0052928315,0.00078659446,1.78063e-06,1468872981.0
0.003652039,0.00042069147,1.5166588999999998e-06,1523387107.0
0.018654233,0.0010041627,2.5299427e-05,1526307855.0
0.18715152,0.07949493,0.0001213905,1512178957.0
0.0024396179999999997,0.00021809707999999997,1.5398009999999999e-06,1474929529.0
0.0054261280000000005,0.0006164858,2.0787569999999998e-06,1469364840.0
0.0046326793,0.00021414853,1.1276671999999998e-06,1498856745.0
0.0022840165,0.00016120158000000002,4.9786206e-07,1510859742.0
0.10583242,0.008175485,0.0014434218,1513134118.0
0.00031638863999999996,5.6325465000000006e-05,3.0021734999999994e-07,1522810898.0
0.0042106966,0.00026481666,4.004725e-07,1487233376.0
0.008596634,0.00037856318999999995,6.4445911999999995e-06,1488426410.0
0.0011396642,0.00012120278,3.838725e-07,1503291322.0
0.06677369999999999,0.0020053622,4.2513955e-05,1514334654.0
0.0026822393,0.0002555365,9.080041999999999e-07,1500244188.0
0.0011180211000000001,0.00012805690000000002,4.0432846000000005e-07,1518089425.0
0.0011193549,0.00011967534999999999,7.648971e-07,1480892597.0
0.009115704,0.0004583557,4.455566e-06,1473451575.0
0.011613634,0.0039998735,2.2136778e-06,1490799914.0
0.0017095543,6.463805e-05,9.654975999999999e-07,1523748607.0
0.00065035856,6.207938e-05,1.9728429e-08,1515372076.0
0.66207606,0.5633866,0.0067302687,1492695723.0
0.0044632134999999995,0.00037752237,7.8987105e-06,1524393706.0
0.0006838160300000001,0.0001226844,2.8446001000000003e-07,1491388655.0
0.16619346,0.11148121,0.00030392985,1484009344.0
0.29504335,0.030094095,0.0025816495000000003,1521220578.0
0.37413758,0.27039257,0.0038559021999999997,1499945097.0
0.0051273303,0.00035054216000000003,1.1332073e-05,1505928900.0
0.022624228,0.0015503193,6.366705e-06,1490694028.0
0.69435924,0.5631649999999999,0.0026259890000000004,1482611297.0
0.007661838000000001,0.0004283413,1.6145533999999997e-06,1494336405.0
0.09699753,0.015356644,3.5136625e-05,1524844830.0
0.002209405,0.00031842216,8.0746173e-07,1489518469.0
0.00035038296,4.3646247000000004e-05,4.5211735e-08,1482647174.0
0.0026926628999999996,0.00023053264999999999,1.0699616e-06,1467668834.0
0.00021058247000000003,2.8146409e-05,1.027903e-08,1480566279.0
0.0023140756,0.00017426827000000002,6.628118000000001e-07,1487612188.0
0.019620243,0.0011921802,9.851736e-06,1483647404.0
0.00655056,0.00026569044,5.33205e-06,1522095836.0
0.01222896,0.0013594164000000001,2.744954e-05,1521148460.0
0.002430758,0.00014774586999999998,9.1116175e-07,1490713434.0
0.000728024,0.000115815936,2.711351e-07,1505673650.0
0.00076348183,0.00021903610000000002,1.1796597999999999e-07,1488048846.0
0.0048231509999999995,0.00045261042999999995,1.4282248000000001e-06,1515476643.0
0.14998923,0.009792204,0.00020780302,1509311201.0
0.004218305,0.00017961033,1.2297971000000001e-07,1519764980.0
0.0931638,0.0032800462,4.1580950000000004e-05,1509208317.0
0.0009133300599999999,0.0001685677,2.2243923e-06,1503245713.0
0.013139683999999999,0.0009908656,9.641299000000001e-06,1487901997.0
0.0005905412,7.767189999999999e-05,4.8297125e-07,1525270154.0
0.00591277,0.00033674953999999997,2.1828189999999998e-05,1521114388.0
0.46576592,0.21231784,0.09195992,1523667029.0
0.004254352800000001,0.00049057323,2.7390477000000006e-06,1511649425.0
0.00046785246,5.2331703e-05,2.0655708999999997e-07,1512799769.0
0.0024122419,0.00020265433999999997,1.1508015e-06,1493101000.0
0.025763981000000002,0.0028230343,0.00031672697999999996,1525135394.0
0.0013654116,0.00016497244,8.129469000000001e-07,1512085337.0
0.44438136,0.52969635,0.0011922045,1507748607.0
0.0055059465,0.00046290134000000004,3.75125e-06,1486154511.0
0.0041685933000000005,0.0003151835,2.6740672e-06,1497545312.0
0.937042,0.6862064999999999,0.0022725891000000002,1522138098.0
0.012071213999999999,0.00035469019999999997,7.7412915e-06,1515011170.0
0.0026476257,0.00022372567000000004,8.124051999999999e-07,1508165439.0
0.529371,0.37895754,0.0012538646000000001,1506278132.0
0.049681615,0.006465465300000001,2.0744319e-05,1505551281.0
0.009354264000000001,0.00063673535,6.841595e-05,1514651806.0
0.0041084737,0.0006751922999999999,8.473125e-07,1483967035.0
0.00093891507,0.00013654045,3.6511352000000003e-07,1466646922.0
0.00018049414000000002,2.9466102e-05,2.7748515e-08,1488649750.0
0.00031846099999999997,6.0790662e-05,8.181728999999999e-08,1511987088.0
0.030799177999999997,0.005900901,2.1544323e-05,1470192215.0
0.0006047751,9.495943000000001e-05,6.396608399999999e-08,1527053601.0
0.009569422,0.00020389671999999998,3.4974572999999997e-06,1485023830.0
0.0009452056,0.00010969901000000002,3.1548683e-07,1512179194.0
0.00094348215,0.00013437426,1.5346873e-07,1517755317.0
0.0029163405,0.00021759463,7.5863056e-07,1468131039.0
0.013430313999999999,0.0011370752,5.819731e-06,1504272852.0
0.016434751,0.0010118453999999999,2.5578855e-05,1472539223.0
0.38485444,0.22347705,0.0006595725,1498755511.0
0.0076038469999999995,0.0005385325,1.03158845e-05,1527645609.0
0.0075647263000000005,0.0003904453,5.2607215e-06,1504813167.0
0.00080651045,6.75626e-05,1.13684074e-07,1475825128.0
0.00085138384,7.2065515e-05,1.2974031e-07,1465245878.0
0.00016670125,4.395425599999999e-05,1.8298368999999998e-08,1481172661.0
0.02898795,0.0013851527,1.1473898e-05,1519169727.0
0.025083567999999997,0.0010993901,5.1318005999999995e-05,1513577131.0
0.0012063949,0.00018348586,8.000128599999999e-07,1483029897.0
0.009794553000000001,0.0007344294,1.1648415999999999e-05,1467918727.0
0.031249142999999997,0.0025646214,1.35716255e-05,1469671128.0
0.019722128000000002,0.0010771239,8.574217e-06,1513629538.0
0.0017094054000000001,0.00022486981,5.241593e-07,1523408869.0
0.015996607,0.0012246835,1.00061325e-05,1515012078.0
0.023319542000000002,0.0011812808,2.6124537e-05,1493930898.0
0.003041737,0.00024010817000000002,3.0316517000000003e-06,1521759236.0
0.8820815999999999,0.5962139,0.0014982653,1490586998.0
0.002208414,0.0002841146,9.6272e-07,1527380312.0
0.00070143834,0.00012244155000000001,1.5368389e-07,1524839689.0
0.00022113472999999998,3.7648184e-05,8.338915e-08,1501297902.0
0.0040996643,0.00025140122000000004,4.561139e-06,1466750317.0
0.0004884352700000001,8.075728e-05,1.9637861999999999e-07,1520200830.0
0.08350124,0.005172776,0.00024382238999999997,1512065934.0
0.00019617404999999999,3.2445278e-05,7.986500999999999e-08,1512142444.0
0.02092322,0.001238746,4.0444174e-06,1511375215.0
0.2919071,0.12222664,5.3321124e-05,1491444166.0
0.003504947,0.00016752265,8.874205000000001e-07,1513962402.0
0.008275612,0.00022127813999999997,2.535255e-06,1515091098.0
0.0082203895,0.00040760537000000005,2.1769026000000004e-06,1522825118.0
0.13148001,0.010298629,0.00010054415999999999,1488394429.0
0.23402886,0.34588027,1.4037084e-05,1504571366.0
0.012380717,0.0008238982000000001,6.122632e-06,1524868547.0
0.00025071137,2.6400483e-05,4.729094e-08,1510817260.0
0.0010516954,9.4488925e-05,2.9466287e-07,1524322142.0
0.005460455,0.00025586612,5.111702000000001e-07,1466287238.0
0.061597966,0.029923974,2.1544201e-05,1514863849.0
0.0023658515,0.00025743118,8.6179324e-07,1465281036.0
0.14693233,0.006964194,3.7794412000000005e-05,1488853702.0
0.016508988999999998,0.0010785378,1.0742796000000001e-06,1512429972.0
0.8391824000000001,0.60901535,0.01968565,1470601212.0
0.000870272,8.409069e-05,7.128695e-08,1518923129.0
0.0044906777,0.00018886985,8.4986334e-07,1513695006.0
0.0036031974,0.00022896183999999997,1.2565132e-06,1482786757.0
0.010097801,0.0014261445,3.0508492999999998e-06,1473585581.0
0.0034204796000000003,0.00027602864,3.5302235000000002e-06,1520285913.0
0.03892035,0.0022310927,8.363589e-05,1518310225.0
0.0038305777,0.00031881034,9.164227e-07,1519432267.0
0.36983699999999997,0.29773515,9.7088094e-05,1526916553.0
0.001969687,0.00019282299999999998,1.7506981999999998e-06,1512103402.0
0.0020218657,0.0002682623,6.3001886e-07,1476576729.0
0.0150471805,0.0008594204600000001,3.6645168e-05,1527617160.0
0.13490507,0.12601322,0.000114382994,1525422723.0
0.011957509,0.0007734395,1.7724517e-05,1521991970.0
0.0054388647,0.00038738677000000005,7.056609e-06,1522204938.0
0.0012826107,9.574741e-05,7.872817e-07,1524027469.0
0.0007460979400000001,0.00011063143,1.3846655999999998e-07,1487153858.0
0.12528881,0.08645563,2.1485746e-05,1517455525.0
0.0036280095,0.00041262558,9.632876e-07,1494311013.0
0.0048915967,0.00058287056,6.9450743e-06,1523717653.0
0.027475849,0.0017672688,1.3307466999999999e-05,1483679440.0
0.06260498,0.0020615396,4.0521554e-05,1519938422.0
0.0048825990000000005,0.0005845183999999999,2.3679322000000002e-05,1499745096.0
0.027505522999999997,0.0029946961,6.044781e-05,1476128120.0
0.0020303552,0.00015551722,1.502017e-07,1523926579.0
0.016058791,0.0008272742999999999,1.0921519e-05,1464892733.0
0.0021118573,0.0003196211,6.117479599999999e-07,1516073762.0
0.0018169293,0.00016487573,9.040175000000001e-07,1508519317.0
0.0013165522,9.350315e-05,2.8194958e-07,1502137634.0
0.28530094,0.0724138,0.0009047096000000001,1487450475.0
0.00039935907,7.8185105e-05,2.6552159999999997e-08,1502782984.0
0.0022809403,0.00027225687999999997,2.3208648999999998e-07,1511284472.0
0.19004539,0.12872079,3.561717e-05,1512428125.0
0.0049979123,0.00044992234000000006,1.9284056e-05,1525171440.0
0.41718623,0.021171428,2.116427e-05,1517978400.0
0.00039237883,6.112351499999999e-05,7.0431575e-08,1526484946.0
0.0022824327,0.00014923455,1.5224047e-06,1491141982.0
0.0009132156,0.000110914625,1.1163322000000001e-07,1523171196.0
0.0141786635,0.0007886036,6.3074214e-07,1473433925.0
0.04466272,0.006916165,0.00010062838,1483941277.0
0.017309226,0.0006218813400000001,3.87317e-05,1521751339.0
0.041594267000000004,0.0014534247,1.992406e-05,1491508148.0
0.020978706,0.0014515974,5.836647e-05,1522905907.0
0.46480384,0.5879643,0.00046953296999999996,1479703100.0
0.6963085999999999,0.45416966,0.014029908,1491953917.0
0.02038733,0.004626744,6.419791e-06,1522213593.0
0.005310507,0.00044016214000000006,8.411324999999999e-07,1504164077.0
0.033044863,0.009147999,8.139878e-06,1524859768.0
0.13905601,0.012245127,0.00055853557,1495024936.0
0.032429133,0.004994082,4.2835454e-05,1509111421.0
0.002422741,0.00027843523999999996,2.9140601000000003e-06,1492737277.0
0.37399903,0.33225006,0.00019671573,1491203716.0
0.015523209,0.00083792827,1.2959905000000001e-05,1494013671.0
0.23166633,0.027838152,0.014967193,1523555970.0
0.06198462,0.002526334,0.00026766292,1493926594.0
0.06705636,0.0037816310999999997,0.00012651064,1483489090.0
0.003187943,0.00033565093,3.9694455e-06,1508382442.0
0.0005567574,9.422403e-05,6.039195999999999e-08,1499053896.0
0.5259319,0.2611616,0.0016665395,1471199453.0
0.017174995,0.0010382660000000001,1.541063e-05,1468308903.0
0.042418885999999996,0.0038619453999999996,1.9260401999999998e-05,1510983702.0
0.23902622,0.030241964,0.00033851038,1487568090.0
0.01912923,0.0016895907000000002,6.2154315e-05,1517263880.0
0.00028726543,6.166383000000001e-05,4.270547000000001e-08,1473978689.0
0.0019445571,0.00018763273999999997,1.7493582e-07,1509673194.0
0.0009133292,7.487964e-05,5.2674095999999997e-08,1522771812.0
0.027978996000000003,0.0010933111,3.6786479999999996e-05,1520515922.0
0.009861974,0.00044948357000000003,4.929038400000001e-06,1522299147.0
0.0060303380000000005,0.00058017526,4.591081e-06,1512000912.0
0.065123,0.0045207837,0.0004867449,1518074610.0
0.003806152,0.00024432995,6.25722e-07,1484433727.0
0.011567975,0.00065723725,6.329388299999999e-06,1469817930.0
0.11854955,0.0027919884,1.8799035e-05,1466906445.0
0.063980095,0.005405546,0.0006926172599999999,1521011771.0
0.13997786,0.007968905,0.00012015022399999999,1480604278.0
0.0006942264,0.00012951173,1.2876922e-07,1479147548.0
0.004024362,0.0003122554,8.2740274e-07,1467313947.0
0.42937744,0.41033792,0.0010401247,1478121929.0
0.0010067065,0.0001216096,7.611301e-08,1492270530.0
0.0072465036,0.00066295266,9.233257e-06,1492339946.0
0.0035350327000000003,0.0003326401,2.2687511000000003e-06,1493990739.0
0.0069837375,0.00027754286,4.0887883000000004e-07,1492753112.0
0.007907288,0.00043641047999999996,1.9174900000000004e-06,1500782556.0
0.0011789033,7.388033e-05,1.397794e-07,1521515859.0
0.009982374,0.0005974039700000001,1.9409146e-05,1501759871.0
0.0013383960999999998,0.00019698583,3.773082e-07,1483648442.0
0.7950393,0.66658103,0.10467629,1524170256.0
0.007482918000000001,0.0005063861,2.9380362e-06,1523198984.0
0.0015218954,0.00016056083,3.2871267e-07,1522535623.0
0.009013577,0.00035377266000000005,3.3660522000000005e-06,1470489755.0
0.016706966,0.0027889446,5.8593764e-06,1497764974.0
0.21542783,0.026028626000000003,0.00012827468000000002,1515800619.0
0.31178507,0.28569987,4.5329303e-05,1494412899.0
0.001908692,0.00013673783000000002,7.351785e-07,1464978783.0
0.38621128,0.16445264,0.053089563,1465506427.0
0.11653975400000001,0.002041999,0.00018002542,1522928186.0
0.015664913,0.0014878757999999999,4.0696363000000004e-05,1513789206.0
0.0006215824,7.274972e-05,1.7661532000000002e-07,1464840664.0
0.0014208514000000002,0.00016250691,3.7209855e-07,1509057068.0
0.03111923,0.0022977008,8.169680000000001e-06,1490201153.0
0.002506536,0.00018296752,8.8438236e-07,1469431709.0
0.022560155,0.0008836561000000001,3.7313595e-05,1494894232.0
0.0043765735,0.0004107005,3.1161676e-06,1525224445.0
0.011509336499999998,0.0008269275,2.3937773000000003e-05,1485468256.0
0.0019273142000000001,0.00015084,4.6149387e-07,1491822494.0
0.0027052409999999997,0.00014594953,9.927516e-07,1518381154.0
0.0037811713,0.0002828036,9.4122794e-07,1513794869.0
0.40999904,0.42077747,0.0012508854,1514154481.0
0.02694664,0.0015083179999999998,4.1181007e-05,1500786389.0
0.00060083123,7.121587e-05,3.1120285e-07,1516118128.0
0.00017862011999999998,4.9805075999999996e-05,4.2912780000000005e-08,1475094988.0
0.013193556,0.0011065713,2.5844254e-05,1488847016.0
0.0010477639,0.00010186823,4.0754978e-07,1516634834.0
0.010228872,0.0005602844999999999,6.3574457000000005e-06,1519970176.0
0.0018801339,0.00021827182999999996,8.026095999999999e-07,1477305506.0
0.00013643061000000002,2.8792741000000002e-05,2.030787e-08,1521451340.0
0.07219453,0.019337852,3.5922909999999995e-05,1479452676.0
0.23924617,0.23204246,2.6077269e-05,1512765753.0
0.006129931999999999,0.00026648142000000006,4.7949385e-07,1502326948.0
0.42544413,0.47129962,0.00058709347,1527280358.0
0.0061709625,0.00028999188,2.9343958e-06,1489096288.0
0.040736172,0.0018354511,3.6227877e-06,1491177951.0
0.37512866,0.2973385,0.0026790496999999996,1495758288.0
0.004088136,0.00033661294999999997,2.0707079999999997e-06,1523952435.0
0.00031643087,4.421853e-05,5.5956227999999995e-08,1465229355.0
0.04713711,0.0027786328000000003,0.00037254445,1511778516.0
0.03807785,0.0023198570000000003,7.8771904e-05,1518420029.0
0.0013715763,0.00018145131999999998,1.3190261999999998e-07,1515262827.0
0.018426468999999997,0.00047298812000000004,7.471088e-06,1484629171.0
0.0014912076,0.00017425664,4.0025179999999997e-07,1517528798.0
0.0030897140000000003,0.00021055575,2.6705911000000002e-06,1523409310.0
0.009941124,0.0009848976,2.5656461e-06,1519358046.0
0.26658556,0.18324949,3.4679335e-05,1488817794.0
0.12893865,0.01151592,0.000556893,1469746560.0
0.0061161919999999995,0.0007756511299999999,4.205464e-06,1518977931.0
0.001403159,0.00017534502,4.06511e-07,1522629939.0
0.0005312835,7.505429e-05,1.1898375999999999e-07,1524851164.0
0.0010389987,0.00010204138000000001,1.2413814e-07,1471301897.0
0.00014401618999999998,3.5990597e-05,4.7807152e-08,1465379660.0
0.051957693,0.0033053113,8.0168475e-06,1515012424.0
0.0007553746700000001,0.0001567121,6.6280415e-07,1510689699.0
0.0039541544,0.00043074178,1.2267532e-06,1507743205.0
0.42669627,0.14526877,0.00061372895,1517621491.0
0.0101521285,0.001245498,6.3762077e-06,1467056504.0
0.6433084,0.39704087,0.00036162845,1491807521.0
0.0328171,0.0035566809000000003,0.00013289967,1519094482.0
0.0045668290000000005,0.0003764218,5.297063600000001e-06,1464817684.0
0.0024173348,0.00016570142,1.5342353e-07,1525265092.0
0.001815375,0.00014360506999999998,6.587603e-07,1487503564.0
0.016122265,0.00051977875,6.295195999999999e-06,1518373515.0
0.0008910086999999999,9.098380499999999e-05,2.4248783e-07,1513876851.0
0.011402606000000001,0.00046710155,6.783539400000001e-06,1504817921.0
0.20336828,0.016930018,0.0007128877300000001,1480784566.0
0.0037548497999999996,0.00024009604,7.225578399999999e-07,1517797982.0
0.08699868599999999,0.0025794022,0.0011291186,1515851793.0
0.054793987,0.0018005532000000002,0.00019064985,1511304978.0
0.0008860217999999999,6.3555155e-05,6.729376e-08,1512267950.0
0.03337413,0.0022063346,1.6002641e-05,1522172854.0
0.008375735,0.0010454361,2.6732715999999998e-06,1489753255.0
0.0017762217000000002,0.00013339953000000002,1.0511682499999999e-07,1476563488.0
0.009332090999999999,0.00035821407999999993,2.7578144e-06,1505700602.0
0.00040972370000000004,6.264696e-05,9.280562e-08,1483641501.0
0.042724732,0.001848251,6.0472803e-06,1515692460.0
0.04254733,0.0031447564,2.6076175e-06,1522095288.0
0.008688531999999999,0.0007515509,8.346802e-05,1486035183.0
0.009717544,0.00051439856,9.363402999999999e-06,1510861162.0
0.0028504978000000003,0.0002459248,7.494955400000001e-07,1484985774.0
0.0042226077,0.00025814076,1.3354928e-06,1471203807.0
0.013207102,0.000756833,4.049122e-06,1498151922.0
0.6211810999999999,0.30044562,0.00053451984,1465236709.0
0.03565851,0.0013054127,1.132774e-05,1488013045.0
0.0006780075500000001,6.848377e-05,1.2631521000000002e-07,1523268705.0
0.0043278798,0.0004859964,1.0644733000000002e-05,1486025481.0
0.0050028185,0.0005784081299999999,5.934763299999999e-07,1516856933.0
0.0026133994,0.00016265543,7.962832e-07,1513423549.0
0.00046457602999999995,5.2479332000000005e-05,1.0775501e-07,1468473298.0
0.00039658806000000005,7.1908245e-05,1.2505164000000002e-07,1470941703.0
0.0077442615,0.0005185219000000001,6.078411e-06,1499804406.0
0.006824081,0.00030457237,3.3098743e-06,1520743954.0
0.01080786,0.00048054752,1.0447355e-06,1500847333.0
0.008576152,0.00038859234,6.6967769999999996e-06,1494354203.0
0.0021768307999999997,0.00022869979,2.7997083e-07,1521679234.0
0.009074071,0.0023231448,1.2950778e-07,1468767748.0
0.0007734272999999999,9.428101e-05,1.7499673000000002e-07,1469110708.0
0.07569176,0.005353001,0.0011235147,1523263933.0
0.041134406,0.000857102,2.0204507000000002e-05,1517089646.0
0.0692129,0.02888829,2.5460819e-05,1512407577.0
0.009808817,0.0009503917,1.3797564e-05,1519683225.0
0.0039746817,0.00045217099999999996,8.048309e-06,1523544832.0
0.0014348092,0.00016600317,3.00866e-07,1523885230.0
0.0007394574,8.901597e-05,3.1865213e-07,1492468054.0
0.013799496999999999,0.005245746999999999,9.678992e-07,1489133463.0
0.00036052318,6.513473000000001e-05,1.09564894e-07,1469812049.0
0.0038346978999999996,0.0005547437,9.153003000000001e-07,1515694428.0
0.23257822,0.15235825,0.0016114179999999999,1475761222.0
0.0008174427000000001,7.672835e-05,3.7602649999999997e-07,1524913971.0
0.0015937141,0.00013774101999999998,8.183477999999999e-08,1526511000.0
0.0021275685,6.776585999999999e-05,4.937178e-07,1506758894.0
0.040371127,0.0014636256,1.6435768000000002e-05,1502256944.0
0.0025738617,0.0003343892,8.176860400000001e-07,1520654673.0
0.5650203,0.13381426,0.0006910428,1488338165.0
0.012288816999999999,0.0007390167,2.0916432e-06,1510679455.0
0.022528633,0.0012837126,4.083877e-05,1496847115.0
0.050810322000000005,0.0036848057,4.314876e-05,1488233091.0
0.0029814932,0.00026184658,4.4387440000000004e-07,1507053564.0
0.0016615432999999998,0.00027854435,7.461251e-07,1491521188.0
0.013689598999999998,0.0008538764,3.1655134e-05,1489055442.0
0.020528783999999998,0.0018871795999999999,6.0856786000000005e-05,1505920337.0
0.016372364,0.0017952687,1.0595753e-05,1466419989.0
0.033647794,0.009290448,1.8112651e-06,1499420836.0
0.5326215,0.48522317,0.00034124445,1512431671.0
0.0016212873999999998,0.000239085,2.6919832e-07,1511865679.0
0.010674821999999999,0.00047199294,5.9440013e-06,1492779407.0
0.004943227,0.0007074494500000001,3.5901824e-06,1520536495.0
0.011347561,0.00063183275,2.6658157e-05,1478443176.0
0.0017416557999999998,0.00017393792000000002,4.1095583000000004e-07,1520931102.0
0.6229111999999999,0.33187056,0.0008071936,1523746548.0
0.0028203963,0.00022659442000000002,6.9012214e-07,1469313151.0
0.012435193,0.0012838372,4.2355220000000005e-06,1494216664.0
0.009208626,0.0009659049,2.2760046e-06,1489131112.0
0.49189752,0.49252194,0.03903883,1492008741.0
0.0014122044,0.00019162781000000003,3.5025502000000005e-07,1511134163.0
0.0006936025,0.00012361752,1.7908259e-07,1503409872.0
0.007491281,0.00017531778000000003,2.6338905e-06,1515319352.0
0.00068493496,9.8288176e-05,1.0367542000000001e-07,1485588414.0
0.3277132,0.045188274,0.009328912,1494190376.0
0.071142994,0.0035887312,0.00022133553,1495885942.0
0.00568149,0.00034468769999999996,1.5523455e-06,1472445971.0
0.036152027999999996,0.0019846428,3.1275526e-05,1491502897.0
0.0010987201,9.318546999999999e-05,2.386278e-07,1514589599.0
0.0005284084,6.5917484e-05,1.8343104e-07,1522598964.0
0.00890302,0.0011766355,1.4133083999999999e-06,1465787847.0
0.0017908725,0.000114145565,2.6401324e-07,1520049733.0
0.004747954699999999,0.00024866332999999997,9.677202e-07,1517511336.0
0.12114537,0.0036383837,0.00031911477,1526773682.0
0.31657532,0.24864583,0.00020040900000000003,1523616170.0
0.005111144000000001,0.0005033411,1.5782717e-06,1502298017.0
0.015440651000000001,0.0013242144000000001,1.6347589e-05,1479504308.0
0.030614091,0.0024921682,9.214165e-05,1523430528.0
0.035422396,0.012413516000000001,5.8860746e-06,1487410018.0
0.64715636,0.09662618,0.0035607084000000002,1518209752.0
0.0013662323,0.0001399153,8.255009e-07,1523975193.0
0.0028430747,0.00025903966,1.1716728999999999e-06,1516790523.0
0.02643807,0.0011849017,6.271717700000001e-06,1501493228.0
0.0018360511999999999,0.00013652274,1.9873193e-07,1484486340.0
0.009025174,0.0006846360599999999,4.0621444e-06,1495646930.0
0.24452055,0.024772113,3.4378732e-05,1522431585.0
0.58192885,0.056179587,0.003213309,1495696844.0
0.0014725898000000001,0.00012564685,4.2230326e-07,1467885804.0
0.0017130164,0.00024654553,5.397298000000001e-07,1522705660.0
0.0062482576,0.00028150782000000004,6.543756599999999e-06,1467167060.0
0.0016198925,7.527914e-05,6.112482e-08,1469412280.0
0.0005068125,9.636551e-05,6.533329e-08,1525820031.0
0.00046458514000000003,6.0177142999999994e-05,4.788089e-08,1485442245.0
0.33577013,0.23594481,0.0011623374,1513151075.0
0.016197104,0.00079439994,4.1072612e-06,1525127322.0
0.004876838499999999,0.00024285931,3.2852775999999997e-07,1476226522.0
0.0013126645,9.8968245e-05,1.1271372e-06,1488487276.0
0.004744274000000001,0.00027217044,3.6942936000000004e-06,1493697661.0
0.091747925,0.005500555,0.00020451179,1466128767.0
0.07771353,0.0023785923000000002,0.00020872599999999998,1492968339.0
0.0004308108,9.6244745e-05,1.1879521000000001e-07,1509039325.0
0.007266867,0.00057038316,3.7457014e-06,1506680980.0
0.0033733516,0.00025964127,1.548231e-06,1525096686.0
0.0022763926999999997,0.00025922077,7.2962075e-07,1506795571.0
0.05437558,0.0032111043,3.5502853e-05,1473770726.0
0.0003256,6.617413599999999e-05,3.4691897e-08,1473206908.0
0.003401201,0.00020054988000000001,1.0242336e-06,1485493111.0
0.01339329,0.0057364386,2.3581e-06,1470143367.0
0.00046255815,7.1305636e-05,1.265531e-07,1487193287.0
0.10196709,0.0049381824,2.6875692e-05,1519937926.0
0.0007340500999999999,0.00012549873,3.8188796000000005e-07,1465589889.0
0.002781278,0.00045771693,3.1148553999999996e-07,1506880223.0
0.0022860472,0.00013527794,4.228174600000001e-07,1487980737.0
0.62277204,0.16010410000000003,0.008170812,1478292962.0
0.003273104,0.00037425684,4.750719e-06,1474205961.0
0.008329762,0.00031489666,1.6061116000000001e-06,1488281022.0
0.0021685814000000003,0.00035919363,1.3150888999999999e-06,1479626186.0
0.016210308,0.0012332071,4.727606e-06,1466271203.0
0.0018652129,0.00013161772,1.5716283999999998e-06,1467396653.0
0.0035025529,0.00071530405,1.8147407999999997e-07,1465583622.0
0.11744562,0.007740463,0.00594163,1527609078.0
0.004643166,0.0002552307,1.1279898999999998e-06,1514330222.0
0.0065377285,0.00025451794,8.026716000000001e-07,1504296461.0
0.013482937,0.0015474109,7.824809e-06,1522117804.0
0.14457947,0.011082841999999999,0.0012797919,1495212569.0
0.0015639814000000002,9.896107e-05,5.49398e-07,1511512361.0
0.11160031,0.011582635,3.2029668e-05,1512067890.0
0.08969011,0.09753949,8.837292e-06,1467321740.0
0.00029652056,4.4428944000000005e-05,2.7050457999999998e-08,1467140387.0
0.013744557,0.0009514839599999999,2.70661e-06,1519483544.0
0.018480398000000002,0.0006715632000000001,9.2084765e-06,1519393657.0
0.0006446445500000001,9.863566999999999e-05,3.5306843e-07,1502215288.0
0.0010589578,8.854517e-05,5.358438e-07,1465178823.0
0.004641707,0.0003616602,3.485663e-06,1511941821.0
0.4689859,0.34106505,0.00041528032,1524216122.0
0.019239526,0.001312265,0.00021295191000000004,1511197211.0
0.124049485,0.004512583,0.00017791791,1503364445.0
0.022729093,0.0012952461,6.050135700000001e-06,1494090874.0
0.0053067934,0.00036958398000000003,1.9943855e-06,1522066293.0
0.22877185,0.17246582,0.0009486299000000001,1512005283.0
0.0033031066,0.00015087078000000002,1.3184946000000003e-06,1499851022.0
0.020741496,0.0017767705,7.1641593e-06,1494191835.0
0.0021348454,0.00026673512000000005,1.3767641e-06,1522062639.0
0.010327865,0.0008233386,1.8279308e-06,1521570822.0
0.038150687,0.0015258670000000002,1.5051294e-05,1500070575.0
0.0029606519,0.0002699343,7.170169e-07,1523742455.0
0.001162828,0.00024358444,1.0509241999999999e-06,1510772951.0
0.0010888987,0.00012243899,1.903416e-07,1488483042.0
0.00035896547999999997,5.3016603e-05,9.833517999999999e-08,1495390264.0
0.15435709,0.0126448,0.00019493504,1511159715.0
0.3933243,0.031618368,3.704495e-05,1523822018.0
0.00046775077,9.6606105e-05,6.018233000000001e-08,1466668379.0
0.0019479942999999999,0.0002552548,2.3707398999999999e-07,1523993874.0
0.0033488427,0.00030340062,1.0806574999999999e-06,1515178816.0
0.005977448000000001,0.00032077866000000004,9.493645e-06,1520461339.0
0.0010018154,9.312559000000001e-05,9.106925600000001e-07,1465089478.0
0.13103826,0.00629936,0.00034215726000000004,1508872186.0
0.34617472,0.26424596,6.533211e-05,1509718960.0
0.0013959688,8.227459e-05,1.2650875000000002e-06,1489365857.0
0.12252476,0.07563818,1.5828535e-05,1482792194.0
0.0030240589000000003,0.00028212767000000005,1.0017484e-06,1467815898.0
0.040403772000000004,0.015225625,1.2395551e-05,1490463868.0
0.0015706081,0.00018053372,1.1759307500000001e-07,1520424604.0
0.30139235,0.04479085,0.0014097884,1524929927.0
0.036519736000000004,0.00084193924,1.6822687000000002e-05,1501942887.0
0.8966677,0.626089,0.0016623518,1509108001.0
0.18028239999999998,0.013430351,0.003192559,1513183620.0
0.0096045565,0.0012726513,2.4095972999999997e-06,1485388958.0
0.32556987,0.015679374,0.0006204312,1506560976.0
0.0007092049,9.584049000000001e-05,1.1252443e-07,1505580607.0
0.00220554,0.0002456567,1.3933410000000001e-06,1469428292.0
0.49109638,0.157813,0.0010688362,1465418909.0
0.0014695779999999998,0.00015436235,8.789891999999999e-07,1514249492.0
0.004823508,0.00032830525999999997,4.67737e-06,1519556117.0
0.061652567,0.003052208,3.3684790000000006e-05,1490825021.0
0.009658871,0.00026510566000000004,1.1174681e-06,1518808836.0
0.007042545999999999,0.0012208796,2.403859e-06,1498046379.0
0.0007509195,0.000118227246,3.3083646000000004e-07,1522982784.0
0.22946638,0.10078001,0.00020364509999999997,1491147382.0
0.0022059274,0.00017169755,8.296824000000001e-07,1494933694.0
0.0025996738,0.0002462561,1.5585476e-06,1487536781.0
0.051402666,0.008520475,0.0044822698,1506534991.0
0.008680872,0.0004259138,4.7639487e-06,1524784838.0
0.17006826,0.0116965035,7.077223000000001e-05,1511959746.0
0.004046657,0.00028818796000000004,7.393225600000001e-07,1501031707.0
0.00022210841,3.776905e-05,1.9675255e-08,1525857161.0
0.98873734,0.8754072,0.05669352,1525306961.0
0.1929251,0.017198127,0.0017476227,1465058864.0
0.0005639751999999999,5.863022e-05,1.1869214999999999e-07,1525702530.0
0.0012952553,0.00012641707,7.7329076e-07,1479505451.0
0.00012678902,3.2159776000000004e-05,2.8493534999999998e-08,1509487267.0
0.21462347,0.008790826,0.0005274645999999999,1510684768.0
0.006489219,0.00049672107,8.761010999999999e-07,1501691709.0
0.00029978863,5.176469e-05,1.8984649999999998e-07,1465132075.0
0.00036947440000000003,6.132962e-05,9.746502e-08,1527541838.0
0.01014121,0.00043118058,2.4258618e-06,1512161602.0
0.047237813,0.004265465,9.315742e-06,1523325820.0
0.007675489399999999,0.00048081827000000005,1.8859853e-05,1466635464.0
0.0017599685999999998,0.00012146321400000001,7.118897e-07,1514434398.0
0.012959207,0.0008514089999999999,0.0003275162,1525741200.0
0.0029111775,0.00048655492999999996,6.212323e-07,1499985698.0
0.53779453,0.29256156,0.00026719607,1469879129.0
0.00043706432999999996,7.1131304e-05,1.3219389999999998e-07,1486855237.0
0.12098086599999999,0.0045348294,7.898613e-05,1474571739.0
0.0050859232,0.00026370856,1.1486020000000002e-06,1503429066.0
0.0013399923,0.00018936193,9.946866999999998e-07,1526782318.0
0.61449206,0.4514149,0.011786643000000001,1486435293.0
0.3423863,0.2927276,0.0006328144,1481584642.0
0.049483147000000005,0.0023001889,0.00029363923,1489266507.0
0.0059135323,0.00036885502,1.29936525e-05,1525144301.0
0.0073077814,0.0007514810400000001,8.080387e-06,1472045077.0
0.054894555,0.0020542978,0.0001319364,1521151835.0
0.123208106,0.008562228,4.595291e-05,1509297280.0
0.012359046,0.0008467794400000001,9.221904e-06,1475263000.0
0.12871192,0.020179996000000002,8.172403000000001e-05,1525644255.0
0.035228707000000005,0.005450794,8.4131425e-06,1481104423.0
0.7388629,0.6345074,0.08833348,1524904547.0
0.038106486,0.0031953324,3.0570761e-06,1467750936.0
0.104806915,0.05942405,2.6239647e-06,1523915001.0
0.00643142,0.000589817,2.3337220999999998e-05,1527745546.0
0.05520569,0.0057563944999999995,4.8138159999999997e-05,1518861890.0
0.0041024806,0.00024512326,6.062692599999999e-06,1493883422.0
0.20297073,0.012028576000000001,0.00018648074000000001,1524226605.0
0.005556129,0.00025305455000000003,1.0183556e-06,1511945279.0
0.0005749177,6.3301595e-05,1.3916369e-07,1501062076.0
0.014853151,0.0005871693,1.3280614000000001e-05,1515012877.0
0.00748148,0.0009343716699999998,4.7394240000000006e-06,1466638115.0
0.0043307226,0.00028384654,2.1234614e-06,1469147827.0
0.0039751403999999995,0.0002407893,3.1392065000000002e-06,1469590524.0
0.0007050772500000001,8.351029e-05,8.995063e-08,1469518809.0
0.0008107446000000001,0.00012933598,3.6358604999999995e-07,1522716457.0
0.041900557000000005,0.0038563528000000002,1.1940795e-05,1523185754.0
0.79063445,0.5412017,0.004686302,1480449329.0
0.37605837,0.11378096,0.00011765537,1520235686.0
0.6612895000000001,0.08135236,0.00065904815,1503069025.0
0.010161468,0.00058991485,1.820251e-05,1474382463.0
0.010698688,0.00038961187000000004,1.8931183000000002e-06,1474555147.0
0.04587092,0.0026679210999999998,7.443167999999999e-06,1480462655.0
0.00058971584,9.2027934e-05,1.6260064e-07,1512093323.0
0.007923033000000001,0.00054765516,1.5067119e-05,1498056211.0
0.0033216826,0.00023326080000000003,7.700740000000001e-07,1464870921.0
0.0031122733,0.00012083028,7.3056634e-07,1492904267.0
0.013273294,0.00087380095,0.00019792926,1483206063.0
0.0072570145,0.00045871633,1.4584093000000002e-06,1520331099.0
0.047886147999999996,0.004405349,8.249763000000001e-05,1489195440.0
0.09257017,0.05446418,9.429882e-05,1499770950.0
0.004493802,0.00040194267,1.8275472e-06,1512575076.0
0.016395956,0.0013255235,4.3262895e-05,1482842380.0
0.057707533,0.028178094,5.2867629999999995e-06,1476463540.0
0.23196173,0.19447458,8.539681000000001e-05,1499955791.0
0.0016230188,0.00011795485000000001,2.6840877000000004e-07,1524005681.0
0.00055485,8.435476000000001e-05,2.4502233e-07,1491153516.0
0.0740432,0.016673457,0.0001322707,1512275519.0
0.00050700066,8.688131999999999e-05,2.3472754e-07,1493790107.0
0.03085669,0.0027113971000000004,5.2148727e-05,1497316970.0
0.01339941,0.0006525344,6.1258033e-06,1518073533.0
0.06864261,0.004420932,2.85979e-05,1525876427.0
0.085176334,0.004940392,6.425001999999999e-05,1480009094.0
0.40138367,0.030699757999999997,0.0013725876000000002,1518193440.0
0.019736685,0.00145933,0.00015929056,1495317958.0
0.000492674,7.015058000000001e-05,1.169973e-07,1491926400.0
0.10188152,0.0033912912,1.3641827000000001e-05,1490625273.0
0.011332858999999999,0.0006211278400000001,3.6072204e-05,1512950699.0
0.022644103,0.0010162367,9.17689e-06,1518128791.0
0.028581157000000003,0.0011787787,1.6159202e-05,1469761405.0
0.00037236281999999997,3.719288e-05,3.1785564e-08,1472671569.0
0.0006058467,8.318292e-05,9.0154344e-08,1515387389.0
0.0006500388,9.957104999999999e-05,1.3224269e-07,1491932352.0
0.00091517984,9.382352399999999e-05,7.182852000000001e-08,1503605286.0
0.10049069,0.04578074,1.1813608e-05,1509154539.0
0.0046940614,0.0005178783,1.4865747e-05,1495834703.0
0.00016991745,4.7173246e-05,1.9257645999999996e-07,1524832268.0
0.0006625177300000001,8.822043e-05,1.4470212000000001e-06,1515615285.0
0.00079446996,6.915664600000001e-05,6.145788e-08,1474186953.0
0.0074438513,0.00048083093,4.4897233e-06,1468692744.0
